{"name":"799cc690-5b43-4d67-b32f-ef5d3903b575","id":"/providers/Microsoft.Flow/flows/799cc690-5b43-4d67-b32f-ef5d3903b575","type":"Microsoft.Flow/flows","properties":{"apiId":"/providers/Microsoft.PowerApps/apis/shared_logicflows","displayName":"etape1","definition":{"metadata":{"workflowEntityId":null,"processAdvisorMetadata":null,"flowclientsuspensionreason":"None","flowclientsuspensiontime":null,"flowclientsuspensionreasondetails":null,"creator":{"id":"df54db6f-2da7-4cdb-8f0c-1e1e69bea904","type":"User","tenantId":"4a7c8238-5799-4b16-9fc6-9ad8fce5a7d9"},"provisioningMethod":"FromDefinition","failureAlertSubscription":true,"clientLastModifiedTime":"2022-07-26T15:16:35.4888343Z"},"$schema":"https://schema.management.azure.com/providers/Microsoft.Logic/schemas/2016-06-01/workflowdefinition.json#","contentVersion":"1.0.0.0","parameters":{"$connections":{"defaultValue":{},"type":"Object"},"$authentication":{"defaultValue":{},"type":"SecureObject"},"sharepoint.site":{"defaultValue":"","type":"String"},"sharepoint.folderPath":{"defaultValue":"","type":"String"},"sharepoint.list":{"defaultValue":"","type":"String"}},"triggers":{"On_new_email_with_attachment":{"splitOn":"@triggerBody()?.value","metadata":{"flowSystemMetadata":{"swaggerOperationId":"OnNewEmailV3"},"Id::AAMkADUxOTA5MDYwLWIyMjAtNGJjYi1hZmIyLTVmNWNhNDgzNzM5NAAuAAAAAADdEGawCMHdS73wtcd0Jb9UAQBJFrmiZFkbQIvQUyiSlSEoAAIaU8Z6AAA=":"Tracking Lyon","operationMetadataId":"070fdfaf-17d9-422f-bf26-a82ee09a36f6"},"type":"ApiConnectionNotification","inputs":{"host":{"connection":{"name":"@parameters('$connections')['shared_office365']['connectionId']"},"api":{"runtimeUrl":"https://flow-apim-europe-001-westeurope-01.azure-apim.net/apim/office365"}},"fetch":{"queries":{"folderPath":"Id::AAMkADUxOTA5MDYwLWIyMjAtNGJjYi1hZmIyLTVmNWNhNDgzNzM5NAAuAAAAAADdEGawCMHdS73wtcd0Jb9UAQBJFrmiZFkbQIvQUyiSlSEoAAIaU8Z6AAA=","from":"no-reply@wiremind.io","importance":"Normal","fetchOnlyWithAttachment":true,"includeAttachments":true},"pathTemplate":{"template":"/v3/Mail/OnNewEmail"},"method":"get"},"subscribe":{"queries":{"folderPath":"Id::AAMkADUxOTA5MDYwLWIyMjAtNGJjYi1hZmIyLTVmNWNhNDgzNzM5NAAuAAAAAADdEGawCMHdS73wtcd0Jb9UAQBJFrmiZFkbQIvQUyiSlSEoAAIaU8Z6AAA=","importance":"Normal","fetchOnlyWithAttachment":true},"body":{"NotificationUrl":"@{listCallbackUrl()}"},"pathTemplate":{"template":"/GraphMailSubscriptionPoke/$subscriptions"},"method":"post"},"authentication":"@parameters('$authentication')"},"conditions":[]}},"actions":{"Appliquer_à_chacun":{"foreach":"@triggerBody()?['attachments']","actions":{"Créer_un_fichier":{"runAfter":{},"metadata":{"operationMetadataId":"d5fdd88c-96b7-4340-be1f-17fbc666f079","flowSystemMetadata":{"swaggerOperationId":"CreateFile"}},"type":"ApiConnection","inputs":{"host":{"connection":{"name":"@parameters('$connections')['shared_sharepointonline']['connectionId']"},"api":{"runtimeUrl":"https://flow-apim-europe-001-northeurope-01.azure-apim.net/apim/sharepointonline"}},"method":"post","body":"@base64ToBinary(items('Appliquer_à_chacun')?['contentBytes'])","path":"/datasets/@{encodeURIComponent(encodeURIComponent('https://sncf.sharepoint.com/sites/axe_sud_estGrpO365'))}/files","queries":{"folderPath":"/Documents partages/agathe_extract/à décomprésser","name":"@items('Appliquer_à_chacun')?['name']","queryParametersSingleEncoded":true},"authentication":"@parameters('$authentication')"},"runtimeConfiguration":{"contentTransfer":{"transferMode":"Chunked"}}}},"runAfter":{},"metadata":{"operationMetadataId":"41a92594-b9e9-4257-a1f5-4d21be1a34f7"},"type":"Foreach"}},"description":"Lorsqu’un e-mail contenant une pièce jointe arrive dans le dossier Boîte de réception, enregistrez la pièce jointe dans la bibliothèque de documents SharePoint. Vous pouvez également utiliser un filtre pour exécuter le flux uniquement pour les e-mails d’une personne spécifique à l’aide de la variable « IsFromFilterApplied » définie sur « true » et entrer l’ID d’e-mail attendu « De » dans la condition à valider."},"connectionReferences":{"shared_sharepointonline":{"connectionName":"0dc419fa6c2c40468f07148a975bcad9","source":"Embedded","id":"/providers/Microsoft.PowerApps/apis/shared_sharepointonline","tier":"NotSpecified"},"shared_office365":{"connectionName":"shared-office365-1c529ca7-675a-4be2-8d42-0f2c6d718160","source":"Embedded","id":"/providers/Microsoft.PowerApps/apis/shared_office365","tier":"NotSpecified"}},"flowFailureAlertSubscribed":false,"isManaged":false}}